,paths
0,10366436-large.jpg
1,1280px-Overcast_Mehamn.jpg
2,139859092-mountain-scenery-in-the-morning-coniferous-trees-on-forested-hillside-with-grassy-slopes-wonderful-s.jpg
3,5383470-hill-rolling-hill-hillside-bumpy-green-hump-cloud-mountain-sunlight-shadow-cloudy-fresh-outdoor-outside-nature-spring-sunny-prosper-thrive-alive-public-domain-images.jpg
4,89702478-trees-on-grassy-rural-hillside-wonderful-sunny-autumn-day-in-mountains.jpg
5,Falls-Park-ornamental-grasses.jpg
6,lfg62ve8w8f61.jpg
7,Overcast_EVS_Translations_87542369_XS.jpg
8,photo-1422493757035-1e5e03968f95.jpg
9,photo-1437652010333-fbf2cd02a4f8.jpg
10,photo-1441920007991-ae5ddfade6d1.jpg
11,photo-1445426463131-9dd114aa527b.jpg
12,photo-1463598208575-2fba20d78efe.jpg
13,photo-1470582891830-22e103e72deb.jpg
14,photo-1473054056026-1480d2d09ac2.jpg
15,photo-1473662107208-bd0a13f73559.jpg
16,photo-1475924156734-496f6cac6ec1.jpg
17,photo-1479688895406-3f032f15f0ef.jpg
18,photo-1484291704816-654a85f64ff3.jpg
19,photo-1485249245068-d8dc50b77cc7.jpg
20,photo-1489769459544-1b2a788df7b6.jpg
21,photo-1489843377462-1105b03f39a5.jpg
22,photo-1495428685533-74e6c6de1efe.jpg
23,photo-1500740516770-92bd004b996e.jpg
24,photo-1506815444479-bfdb1e96c566.jpg
25,photo-1516415574623-81f533d037bd.jpg
26,photo-1518727818782-ed5341dbd476.jpg
27,photo-1525510579144-4844ac3d3a3c.jpg
28,photo-1526420420164-b4ae06c5f886.jpg
29,photo-1530348650736-e3e6cedd4909.jpg
30,photo-1530689594924-4054365f19e7.jpg
31,photo-1533767698269-b6f43561e901.jpg
32,photo-1534030665069-90e016e995e5.jpg
33,photo-1534681017257-301399bd86c9.jpg
34,photo-1542319683-a6b7a206e249.jpg
35,photo-1551058539-1fa1db544cd0.jpg
36,photo-1568844699049-142904df5674.jpg
37,photo-1576831721624-5a7b5ab69f84.jpg
38,photo-1580679349771-1afe6cc9c5c1.jpg
39,photo-1585910165033-3facaf6984d9.jpg
40,photo-1588001832198-c15cff59b078.jpg
41,photo-1589787787722-c8044f194cf5.jpg
42,photo-1590217868253-89845223c36d.jpg
43,photo-1598004417567-4828f97aba18.jpg
44,photo-1603111436065-30ca17dd1f1b.jpg
45,photo-1609699206790-5c03f9a922e0.jpg
46,photo-1610042560883-3cab6606b805.jpg
47,photo-1610825791386-a1a19146b9f2.jpg
48,photo-1622418785693-22536f8dd78b.jpg
49,photo-1631310343054-6985d158d718.jpg
50,sky-1107579_1920.jpg
51,stock-photo-landscape-colorful-outdoor-hillside-sunny-day-autumn-leaves-golden-hour-beautiful-view-bright-sunshine-186e2ac7-d0b9-4afa-a04b-a7cf4a0d7833.jpg
52,sunny-hillside-3198468.jpg
53,sunny-hillside-lens-flare-set-off-late-afternoon-sun-oregon-75513204.jpg
54,sunny-hillside-photo-marshy-meadow-48027207.jpg
55,weather-overcast-cloudy2jpg.jpg.gallery.jpg
